TARGET_CLASS,configuration_id,criterion,ctg_min_time_per_job,ctg_schedule,search_budget,p_object_pool,ctg_time_per_class,Size,Length,Total_Time,Random_Seed,LineCoverage,LineCoverageBitString,BranchCoverage,BranchCoverageBitString,ExceptionCoverage,ExceptionCoverageBitString,Explicit_MethodExceptions,Explicit_TypeExceptions,Implicit_MethodExceptions,Implicit_TypeExceptions,WeakMutationScore,WeakMutationCoverageBitString,OutputCoverage,OutputCoverageBitString,MethodCoverage,MethodCoverageBitString,MethodNoExceptionCoverage,MethodNoExceptionCoverageBitString,CBranchCoverage,CBranchCoverageBitString
com.fasterxml.jackson.databind.type.ResolvedRecursiveType,default,LINE;BRANCH;EXCEPTION;WEAKMUTATION;OUTPUT;METHOD;METHODNOEXCEPTION;CBRANCH,1,BUDGET,65,0.3,2,39,194,80610,1712003952435,0.9393939393939394,111111100111111111111111111111111,0.8275862068965517,11111111111111111111111010000,1.0,1111,1,1,3,2,0.8421052631578947,11111111111111111111111111111101100000,0.5681063122923588,0110101110100111111011101110011101001101010101101101010111010101011010101010011010100110101011000000000000000000000000000001010011010111010011111101110111000110101110100111111011101110001101011101001111110111011100011010111010011111101110111000110101110100110111011101110001101011101001111110111011100,1.0,11111111111111111,1.0,11111111111111111,0.8275862068965517,11111111111111111111111100000
