TARGET_CLASS,configuration_id,criterion,ctg_min_time_per_job,ctg_schedule,search_budget,p_object_pool,ctg_time_per_class,Size,Length,Total_Time,Random_Seed,LineCoverage,LineCoverageBitString,BranchCoverage,BranchCoverageBitString,ExceptionCoverage,ExceptionCoverageBitString,Explicit_MethodExceptions,Explicit_TypeExceptions,Implicit_MethodExceptions,Implicit_TypeExceptions,WeakMutationScore,WeakMutationCoverageBitString,OutputCoverage,OutputCoverageBitString,MethodCoverage,MethodCoverageBitString,MethodNoExceptionCoverage,MethodNoExceptionCoverageBitString,CBranchCoverage,CBranchCoverageBitString
com.fasterxml.jackson.databind.deser.std.FromStringDeserializer,default,LINE;BRANCH;EXCEPTION;WEAKMUTATION;OUTPUT;METHOD;METHODNOEXCEPTION;CBRANCH,1,BUDGET,65,0.3,2,37,142,88609,1712003686503,0.7520661157024794,1111011110110011011111111111010000001111111110111111111111111111111111111111111111110000000011100000011001110111111111111,0.7714285714285715,111111111111011111111111111111111011001010110100000111111111111111101111111111101001000001000111111111111,1.0,111,0,0,2,1,0.9278846153846154,11111111111111111111111111111111111111111111111111111111111111111111111111110000011111111111111111111111111111111111111111110100101111111111111111111111111111111111111111111111111111111111111111111111111111110000000000000000000011111111111111111111111111111111111111111111111111111111111111111111111111111111111111111111111111111111111111111111111110111111111111111111111111111111111111111111111111111111111111111111,0.4166666666666667,001100101010,1.0,111111111,0.7777777777777778,010111111,0.7047619047619048,111111111111010111111111111111101000000000001100000111111111111111111011111111101000100000010111111111111
