TARGET_CLASS,configuration_id,criterion,ctg_min_time_per_job,ctg_schedule,search_budget,p_object_pool,ctg_time_per_class,Size,Length,Total_Time,Random_Seed,LineCoverage,LineCoverageBitString,BranchCoverage,BranchCoverageBitString,ExceptionCoverage,ExceptionCoverageBitString,Explicit_MethodExceptions,Explicit_TypeExceptions,Implicit_MethodExceptions,Implicit_TypeExceptions,WeakMutationScore,WeakMutationCoverageBitString,OutputCoverage,OutputCoverageBitString,MethodCoverage,MethodCoverageBitString,MethodNoExceptionCoverage,MethodNoExceptionCoverageBitString,CBranchCoverage,CBranchCoverageBitString
com.fasterxml.jackson.databind.deser.std.FromStringDeserializer,default,LINE;BRANCH;EXCEPTION;WEAKMUTATION;OUTPUT;METHOD;METHODNOEXCEPTION;CBRANCH,1,BUDGET,95,0.3,3,35,132,121497,1712003093714,0.6721311475409836,11110111000000000000000000001101000000111111111010111111111111111111111111111111111111111110011110000001100111111111111111,0.719626168224299,11111111111101011111111111111111000000000000010100000111111111111111111111111111111011000001000111111111111,1.0,111,0,0,2,1,0.9230769230769231,11111111111111111111111111111111111111111111111111111111111111111111111111110000010000011111111111111111111111111111111111110000000000000000000011111111111111111111111111111111111111111111111111111111111111110111111111111111111111111111111111111111111111111111111111111111111111111111111111111111111111111111111111111111111111111111111111111111111110111111111111111111111111111111111111111111111111111111111111111111,0.4166666666666667,001100101010,1.0,111111111,0.7777777777777778,010111111,0.719626168224299,11111111111101011111111111111110100000000000010010000111111111111111111111111111111100100000001111111111111
