TARGET_CLASS,configuration_id,criterion,ctg_min_time_per_job,ctg_schedule,search_budget,p_object_pool,ctg_time_per_class,Size,Length,Total_Time,Random_Seed,LineCoverage,LineCoverageBitString,BranchCoverage,BranchCoverageBitString,ExceptionCoverage,ExceptionCoverageBitString,Explicit_MethodExceptions,Explicit_TypeExceptions,Implicit_MethodExceptions,Implicit_TypeExceptions,WeakMutationScore,WeakMutationCoverageBitString,OutputCoverage,OutputCoverageBitString,MethodCoverage,MethodCoverageBitString,MethodNoExceptionCoverage,MethodNoExceptionCoverageBitString,CBranchCoverage,CBranchCoverageBitString
com.fasterxml.jackson.databind.jsontype.impl.StdSubtypeResolver,default,LINE;BRANCH;EXCEPTION;WEAKMUTATION;OUTPUT;METHOD;METHODNOEXCEPTION;CBRANCH,1,BUDGET,65,0.3,2,12,125,78946,1712001784876,0.25396825396825395,111101111011110000011000000000000000000000000010000000000001000000000000000000000111110000000010000000000000000000001111111111,0.1839080459770115,111111100000000000000000000000000000000000000111011111010000000000000000000000000000000,1.0,1111111,0,0,7,1,0.3157894736842105,11110111111111110111111111000000000000000000000000000111101001000000000000000000000000000000000,0.0,0000000000,0.8,1100111111,0.4,1100000011,0.1839080459770115,111111100000000000000000000000000000000000000111011110100000100000000000000000000000000
